{
	"info": {
		"_postman_id": "d28ab0bf-c624-48e1-b550-122ef630c5ac",
		"name": "ServeRest",
		"schema": "https://schema.getpostman.com/json/collection/v2.1.0/collection.json",
		"_exporter_id": "38219347",
		"_collection_link": "https://beaver-5379.postman.co/workspace/ServeRest~984fec36-6ccb-4322-8a6c-28cd70082eb0/collection/38219347-d28ab0bf-c624-48e1-b550-122ef630c5ac?action=share&source=collection_link&creator=38219347"
	},
	"item": [
		{
			"name": "/usuarios",
			"item": [
				{
					"name": "{_id}",
					"item": [
						{
							"name": "POST | Cadastrar Usuário",
							"event": [
								{
									"listen": "test",
									"script": {
										"exec": [
											"// Validar se a resposta foi 201 Created",
											"pm.test(\"Status code é 201\", function () {",
											"    pm.response.to.have.status(201);",
											"});",
											"",
											"// Extrair o _id do usuário criado e salvar em uma variável de coleção",
											"const responseJson = pm.response.json();",
											"pm.collectionVariables.set(\"userId\", responseJson._id);",
											"",
											"console.log(\"Usuário criado com ID: \" + responseJson._id);"
										],
										"type": "text/javascript",
										"packages": {}
									}
								},
								{
									"listen": "prerequest",
									"script": {
										"exec": [
											"// Gera um e-mail dinâmico usando o timestamp atual para garantir unicidade",
											"const timestamp = Date.now();",
											"const randomEmail = `mario.qa${timestamp}@teste.com.br`;",
											"const randomPassword = \"teste123\";",
											"",
											"// Salva o e-mail e a senha gerados em variáveis de coleção",
											"// para que possam ser usados tanto no Body desta requisição quanto na de Login",
											"pm.collectionVariables.set(\"dynamicUserEmail\", randomEmail);",
											"pm.collectionVariables.set(\"dynamicUserPassword\", randomPassword);",
											"",
											"console.log(`Email dinâmico gerado e salvo: ${randomEmail}`);"
										],
										"type": "text/javascript",
										"packages": {}
									}
								}
							],
							"request": {
								"method": "POST",
								"header": [],
								"body": {
									"mode": "raw",
									"raw": "{\n  \"nome\": \"{{nome}}\",\n  \"email\": \"{{dynamicUserEmail}}\",\n  \"password\": \"{{dynamicUserPassword}}\",\n  \"administrador\": \"true\"\n}",
									"options": {
										"raw": {
											"language": "json"
										}
									}
								},
								"url": {
									"raw": "{{baseUrl}}/usuarios",
									"host": [
										"{{baseUrl}}"
									],
									"path": [
										"usuarios"
									]
								}
							},
							"response": [
								{
									"name": "Cadastrado com sucesso",
									"originalRequest": {
										"method": "POST",
										"header": [
											{
												"key": "Content-Type",
												"value": "application/json",
												"type": "text"
											},
											{
												"key": "Accept",
												"value": "application/ecmascript",
												"type": "text"
											}
										],
										"body": {
											"mode": "raw",
											"raw": "{\n  \"nome\": \"{{nome}}\",\n  \"email\": \"{{email}}\",\n  \"password\": \"{{password}}\",\n  \"administrador\": \"true\"\n}",
											"options": {
												"raw": {
													"language": "json"
												}
											}
										},
										"url": {
											"raw": "{{baseUrl}}/usuarios",
											"host": [
												"{{baseUrl}}"
											],
											"path": [
												"usuarios"
											]
										}
									},
									"status": "Created",
									"code": 201,
									"_postman_previewlanguage": null,
									"header": null,
									"cookie": [],
									"body": null
								},
								{
									"name": "E-mail já cadastrado",
									"originalRequest": {
										"method": "POST",
										"header": [
											{
												"key": "Content-Type",
												"value": "application/json",
												"type": "text"
											},
											{
												"key": "Accept",
												"value": "application/json",
												"type": "text"
											}
										],
										"body": {
											"mode": "raw",
											"raw": "{\n  \"nome\": \"{{nome}}\",\n  \"email\": \"{{email}}\",\n  \"password\": \"{{password}}\",\n  \"administrador\": \"true\"\n}",
											"options": {
												"raw": {
													"language": "json"
												}
											}
										},
										"url": {
											"raw": "{{baseUrl}}/usuarios",
											"host": [
												"{{baseUrl}}"
											],
											"path": [
												"usuarios"
											]
										}
									},
									"status": "Bad Request",
									"code": 400,
									"_postman_previewlanguage": null,
									"header": null,
									"cookie": [],
									"body": null
								}
							]
						},
						{
							"name": "GET | Buscar Usuário por ID",
							"event": [
								{
									"listen": "test",
									"script": {
										"exec": [
											"// --- Testes de Validação ---",
											"pm.test(\"Status Code deve ser 200 OK\", function () {",
											"    pm.response.to.have.status(200);",
											"});",
											"",
											"pm.test(\"O ID do usuário retornado deve ser o mesmo que foi solicitado\", function () {",
											"    const userId = pm.collectionVariables.get(\"userId\");",
											"    const responseJson = pm.response.json();",
											"    pm.expect(responseJson._id).to.eql(userId);",
											"});"
										],
										"type": "text/javascript",
										"packages": {}
									}
								}
							],
							"request": {
								"method": "GET",
								"header": [],
								"url": {
									"raw": "{{baseUrl}}/usuarios/{{userId}}",
									"host": [
										"{{baseUrl}}"
									],
									"path": [
										"usuarios",
										"{{userId}}"
									]
								}
							},
							"response": [
								{
									"name": "Usuário encontrado",
									"originalRequest": {
										"method": "GET",
										"header": [
											{
												"key": "Accept",
												"value": "application/json",
												"type": "text"
											}
										],
										"url": {
											"raw": "{{baseUrl}}/usuarios/{{userId}}",
											"host": [
												"{{baseUrl}}"
											],
											"path": [
												"usuarios",
												"{{userId}}"
											]
										}
									},
									"status": "OK",
									"code": 200,
									"_postman_previewlanguage": null,
									"header": null,
									"cookie": [],
									"body": null
								},
								{
									"name": "Usuário não encontrado",
									"originalRequest": {
										"method": "GET",
										"header": [
											{
												"key": "Accept",
												"value": "application/json",
												"type": "text"
											}
										],
										"url": {
											"raw": "{{baseUrl}}/usuarios/abcdef1234567890",
											"host": [
												"{{baseUrl}}"
											],
											"path": [
												"usuarios",
												"abcdef1234567890"
											]
										}
									},
									"status": "Bad Request",
									"code": 400,
									"_postman_previewlanguage": null,
									"header": null,
									"cookie": [],
									"body": null
								}
							]
						},
						{
							"name": "DELETE | Excluir usuário",
							"event": [
								{
									"listen": "test",
									"script": {
										"exec": [
											"// Valida se a exclusão foi bem-sucedida",
											"pm.test(\"Status code é 200 OK\", function () {",
											"    pm.response.to.have.status(200);",
											"});",
											"",
											"",
											"pm.collectionVariables.set(\"userId\", \"\");",
											"",
											"",
											"console.log(\"Usuário deletado com sucesso. A variável 'userId' foi limpa.\");"
										],
										"type": "text/javascript",
										"packages": {}
									}
								}
							],
							"request": {
								"method": "DELETE",
								"header": [
									{
										"key": "Accept",
										"value": "application/json",
										"type": "text"
									}
								],
								"body": {
									"mode": "raw",
									"raw": "{\n  \"nome\": \"{{nome}}\",\n  \"email\": \"{{dynamicUserEmail}}\",\n  \"password\": \"{{dynamicUserPassword}}\",\n  \"administrador\": \"true\"\n}"
								},
								"url": {
									"raw": "{{baseUrl}}/usuarios/{{userId}}",
									"host": [
										"{{baseUrl}}"
									],
									"path": [
										"usuarios",
										"{{userId}}"
									]
								}
							},
							"response": [
								{
									"name": "Registro excluído",
									"originalRequest": {
										"method": "DELETE",
										"header": [],
										"url": {
											"raw": "{{baseUrl}}/usuarios/{{userId}}",
											"host": [
												"{{baseUrl}}"
											],
											"path": [
												"usuarios",
												"{{userId}}"
											]
										}
									},
									"status": "OK",
									"code": 200,
									"_postman_previewlanguage": null,
									"header": null,
									"cookie": [],
									"body": null
								},
								{
									"name": "Usuário com carrinho cadastrado",
									"originalRequest": {
										"method": "DELETE",
										"header": [],
										"url": {
											"raw": "{{baseUrl}}/usuarios/:_id",
											"host": [
												"{{baseUrl}}"
											],
											"path": [
												"usuarios",
												":_id"
											],
											"variable": [
												{
													"key": "_id",
													"value": ""
												}
											]
										}
									},
									"status": "Bad Request",
									"code": 400,
									"_postman_previewlanguage": null,
									"header": null,
									"cookie": [],
									"body": null
								}
							]
						}
					]
				},
				{
					"name": "PUT | Editar usuário",
					"event": [
						{
							"listen": "test",
							"script": {
								"exec": [
									"// --- Testes de Validação ---",
									"pm.test(\"Status Code deve ser 200 (OK) ou 201 (Created)\", function () {",
									"    // Valida se o status code é um dos esperados para sucesso",
									"    pm.expect(pm.response.code).to.be.oneOf([200, 201]);",
									"});",
									"",
									"pm.test(\"Corpo da resposta deve conter a mensagem de sucesso correspondente\", function () {",
									"    const responseJson = pm.response.json();",
									"    ",
									"    // Valida a mensagem de acordo com a operação realizada (Update vs Create)",
									"    if (pm.response.code === 200) {",
									"        pm.expect(responseJson.message).to.eql(\"Registro alterado com sucesso\");",
									"    } else { // Se o código for 201",
									"        pm.expect(responseJson.message).to.eql(\"Cadastro realizado com sucesso\");",
									"    }",
									"});",
									"",
									"// --- Captura de Dados (se um novo usuário for criado) ---",
									"// Se o PUT resultou em uma criação, atualizamos a variável userId com o novo ID",
									"if (pm.response.code === 201) {",
									"    const responseJson = pm.response.json();",
									"    if (responseJson._id) {",
									"        pm.collectionVariables.set(\"userId\", responseJson._id);",
									"        console.log(\"PUT resultou em criação. Variável 'userId' atualizada: \" + responseJson._id);",
									"    }",
									"}"
								],
								"type": "text/javascript",
								"packages": {}
							}
						}
					],
					"request": {
						"method": "PUT",
						"header": [
							{
								"key": "Accept",
								"value": "application/json"
							}
						],
						"body": {
							"mode": "raw",
							"raw": "{\n  \"nome\": \"Fulano da Silva\",\n  \"email\": \"beltrano{{$randomInt}}@gmail.com.br\",\n  \"password\": \"teste\",\n  \"administrador\": \"true\"\n}",
							"options": {
								"raw": {
									"language": "json"
								}
							}
						},
						"url": {
							"raw": "{{baseUrl}}/usuarios/{{userId}}",
							"host": [
								"{{baseUrl}}"
							],
							"path": [
								"usuarios",
								"{{userId}}"
							]
						}
					},
					"response": [
						{
							"name": "Alterado com sucesso",
							"originalRequest": {
								"method": "PUT",
								"header": [
									{
										"key": "Accept",
										"value": "application/json"
									},
									{
										"key": "Content-Type",
										"value": "application/json",
										"type": "text"
									}
								],
								"body": {
									"mode": "raw",
									"raw": "{\n  \"nome\": \"Fulano da Silva\",\n  \"email\": \"beltrano@{{$randomInt}}.com.br\",\n  \"password\": \"teste\",\n  \"administrador\": \"true\"\n}",
									"options": {
										"raw": {
											"language": "json"
										}
									}
								},
								"url": {
									"raw": "{{baseUrl}}/usuarios/{{userId}}",
									"host": [
										"{{baseUrl}}"
									],
									"path": [
										"usuarios",
										"{{userId}}"
									]
								}
							},
							"status": "OK",
							"code": 200,
							"_postman_previewlanguage": null,
							"header": null,
							"cookie": [],
							"body": null
						},
						{
							"name": "E-mail já cadastrado",
							"originalRequest": {
								"method": "PUT",
								"header": [
									{
										"key": "Accept",
										"value": "application/json"
									},
									{
										"key": "Content-Type",
										"value": "application/json",
										"type": "text"
									}
								],
								"body": {
									"mode": "raw",
									"raw": "{\n  \"nome\": \"Fulano da Silva\",\n  \"email\": \"{{email}}\",\n  \"password\": \"teste\",\n  \"administrador\": \"true\"\n}",
									"options": {
										"raw": {
											"language": "json"
										}
									}
								},
								"url": {
									"raw": "{{baseUrl}}/usuarios/{{userId}}",
									"host": [
										"{{baseUrl}}"
									],
									"path": [
										"usuarios",
										"{{userId}}"
									]
								}
							},
							"status": "Created",
							"code": 201,
							"_postman_previewlanguage": null,
							"header": null,
							"cookie": [],
							"body": null
						},
						{
							"name": "Usuário não encontrado",
							"originalRequest": {
								"method": "PUT",
								"header": [
									{
										"key": "Accept",
										"value": "application/json"
									},
									{
										"key": "Content-Type",
										"value": "application/json",
										"type": "text"
									}
								],
								"body": {
									"mode": "raw",
									"raw": "{\n  \"nome\": \"Fulano da Silva PUT\",\n  \"email\": \"beltrano@qa1{{$randomInt}}.com.br\",\n  \"password\": \"teste\",\n  \"administrador\": \"true\"\n}",
									"options": {
										"raw": {
											"language": "json"
										}
									}
								},
								"url": {
									"raw": "{{baseUrl}}/usuarios/abc",
									"host": [
										"{{baseUrl}}"
									],
									"path": [
										"usuarios",
										"abc"
									]
								}
							},
							"status": "Bad Request",
							"code": 400,
							"_postman_previewlanguage": null,
							"header": null,
							"cookie": [],
							"body": null
						}
					]
				},
				{
					"name": "GET | Listar usuários",
					"event": [
						{
							"listen": "test",
							"script": {
								"exec": [
									"// --- Testes de Validação ---",
									"pm.test(\"Status Code deve ser 200 OK\", function () {",
									"    pm.response.to.have.status(200);",
									"});",
									"",
									"pm.test(\"Corpo da resposta deve conter a chave 'usuarios'\", function () {",
									"    pm.response.to.have.jsonBody('usuarios');",
									"});",
									"",
									"pm.test(\"A lista de usuários deve ser um array\", function () {",
									"    const responseJson = pm.response.json();",
									"    pm.expect(responseJson.usuarios).to.be.an('array');",
									"});"
								],
								"type": "text/javascript",
								"packages": {}
							}
						}
					],
					"protocolProfileBehavior": {
						"disableBodyPruning": true
					},
					"request": {
						"method": "GET",
						"header": [
							{
								"key": "Accept",
								"value": "application/json",
								"type": "text"
							}
						],
						"body": {
							"mode": "raw",
							"raw": ""
						},
						"url": {
							"raw": "{{baseUrl}}/usuarios",
							"host": [
								"{{baseUrl}}"
							],
							"path": [
								"usuarios"
							]
						}
					},
					"response": [
						{
							"name": "Listar usuários",
							"originalRequest": {
								"method": "GET",
								"header": [
									{
										"key": "Accept",
										"value": "application/json",
										"type": "text"
									}
								],
								"body": {
									"mode": "raw",
									"raw": "{\n  \"nome\": \"{{nome}}\",\n  \"email\": \"{{email}}\",\n  \"password\": \"{{password}}\",\n  \"administrador\": \"true\"\n}"
								},
								"url": {
									"raw": "{{baseUrl}}/usuarios",
									"host": [
										"{{baseUrl}}"
									],
									"path": [
										"usuarios"
									]
								}
							},
							"status": "OK",
							"code": 200,
							"_postman_previewlanguage": null,
							"header": null,
							"cookie": [],
							"body": null
						}
					]
				}
			]
		},
		{
			"name": "/login",
			"item": [
				{
					"name": "POST | Realizar Login",
					"event": [
						{
							"listen": "test",
							"script": {
								"exec": [
									"// --- Testes de Validação ---",
									"pm.test(\"Status Code deve ser 200 OK\", function () {",
									"    pm.response.to.have.status(200);",
									"});",
									"",
									"pm.test(\"Corpo da resposta deve conter a chave 'authorization'\", function () {",
									"    pm.response.to.have.jsonBody('authorization');",
									"});",
									"",
									"// --- Captura de Dados para Encadeamento ---",
									"const responseJson = pm.response.json();",
									"if (responseJson.authorization) {",
									"    // Remove o prefixo \"Bearer \" para evitar duplicação",
									"    const token = responseJson.authorization.replace('Bearer ', '');",
									"    pm.collectionVariables.set(\"bearerToken\", token);",
									"    console.log(\"Token de autorização salvo na variável 'bearerToken'.\");",
									"}"
								],
								"type": "text/javascript",
								"packages": {}
							}
						}
					],
					"request": {
						"method": "POST",
						"header": [
							{
								"key": "Accept",
								"value": "application/json",
								"type": "text"
							},
							{
								"key": "Content-Type",
								"value": "application/json",
								"type": "text"
							}
						],
						"body": {
							"mode": "raw",
							"raw": "{\n  \"email\": \"{{dynamicUserEmail}}\",\n  \"password\": \"{{dynamicUserPassword}}\"\n}",
							"options": {
								"raw": {
									"language": "json"
								}
							}
						},
						"url": {
							"raw": "{{baseUrl}}/login",
							"host": [
								"{{baseUrl}}"
							],
							"path": [
								"login"
							]
						}
					},
					"response": [
						{
							"name": "Login realizado com sucesso",
							"originalRequest": {
								"method": "POST",
								"header": [
									{
										"key": "Accept",
										"value": "application/json",
										"type": "text"
									},
									{
										"key": "Content-Type",
										"value": "application/json",
										"type": "text"
									}
								],
								"body": {
									"mode": "raw",
									"raw": "{\n  \"email\": \"{{email}}\",\n  \"password\": \"{{password}}\"\n}",
									"options": {
										"raw": {
											"language": "json"
										}
									}
								},
								"url": {
									"raw": "{{baseUrl}}/login",
									"host": [
										"{{baseUrl}}"
									],
									"path": [
										"login"
									]
								}
							},
							"status": "OK",
							"code": 200,
							"_postman_previewlanguage": null,
							"header": null,
							"cookie": [],
							"body": null
						},
						{
							"name": "E-mail e/ou senha inválidos",
							"originalRequest": {
								"method": "POST",
								"header": [
									{
										"key": "Accept",
										"value": "application/json",
										"type": "text"
									},
									{
										"key": "Content-Type",
										"value": "application/json",
										"type": "text"
									}
								],
								"body": {
									"mode": "raw",
									"raw": "{\n  \"email\": \"asdf@gmail.com\",\n  \"password\": \"{{password}}\"\n}",
									"options": {
										"raw": {
											"language": "json"
										}
									}
								},
								"url": {
									"raw": "{{baseUrl}}/login",
									"host": [
										"{{baseUrl}}"
									],
									"path": [
										"login"
									]
								}
							},
							"status": "Unauthorized",
							"code": 401,
							"_postman_previewlanguage": null,
							"header": null,
							"cookie": [],
							"body": null
						}
					]
				}
			]
		},
		{
			"name": "/produtos",
			"item": [
				{
					"name": "{_id}",
					"item": [
						{
							"name": "GET | Buscar produto por ID",
							"event": [
								{
									"listen": "test",
									"script": {
										"exec": [
											"// --- Testes de Validação ---",
											"pm.test(\"Status Code deve ser 200 OK\", function () {",
											"    pm.response.to.have.status(200);",
											"});",
											"",
											"pm.test(\"O ID do produto retornado deve ser o mesmo que foi solicitado\", function () {",
											"    const productId = pm.collectionVariables.get(\"productId\");",
											"    const responseJson = pm.response.json();",
											"    pm.expect(responseJson._id).to.eql(productId);",
											"});"
										],
										"type": "text/javascript",
										"packages": {}
									}
								}
							],
							"protocolProfileBehavior": {
								"disableBodyPruning": true
							},
							"request": {
								"method": "GET",
								"header": [
									{
										"key": "Accept",
										"value": "application/json",
										"type": "text"
									}
								],
								"body": {
									"mode": "raw",
									"raw": ""
								},
								"url": {
									"raw": "{{baseUrl}}/produtos/{{productId}}",
									"host": [
										"{{baseUrl}}"
									],
									"path": [
										"produtos",
										"{{productId}}"
									]
								}
							},
							"response": [
								{
									"name": "Produto encontrado",
									"originalRequest": {
										"method": "GET",
										"header": [
											{
												"key": "Accept",
												"value": "application/json",
												"type": "text"
											}
										],
										"url": {
											"raw": "{{baseUrl}}/produtos/{{productId}}",
											"host": [
												"{{baseUrl}}"
											],
											"path": [
												"produtos",
												"{{productId}}"
											]
										}
									},
									"status": "OK",
									"code": 200,
									"_postman_previewlanguage": null,
									"header": null,
									"cookie": [],
									"body": null
								},
								{
									"name": "Produto não encontrado",
									"originalRequest": {
										"method": "GET",
										"header": [
											{
												"key": "Accept",
												"value": "application/json",
												"type": "text"
											}
										],
										"body": {
											"mode": "raw",
											"raw": ""
										},
										"url": {
											"raw": "{{baseUrl}}/produtos/6dJrHZpc4w9oaaaa",
											"host": [
												"{{baseUrl}}"
											],
											"path": [
												"produtos",
												"6dJrHZpc4w9oaaaa"
											]
										}
									},
									"status": "Bad Request",
									"code": 400,
									"_postman_previewlanguage": null,
									"header": null,
									"cookie": [],
									"body": null
								}
							]
						},
						{
							"name": "Editar produto",
							"event": [
								{
									"listen": "test",
									"script": {
										"exec": [
											"// --- Testes de Validação ---",
											"pm.test(\"Status Code deve ser 200 (OK) ou 201 (Created)\", function () {",
											"    // Valida se o status code é um dos esperados para sucesso",
											"    pm.expect(pm.response.code).to.be.oneOf([200, 201]);",
											"});",
											"",
											"pm.test(\"Corpo da resposta deve conter a mensagem de sucesso correspondente\", function () {",
											"    const responseJson = pm.response.json();",
											"    ",
											"    // Valida a mensagem de acordo com a operação realizada (Update vs Create)",
											"    if (pm.response.code === 200) {",
											"        pm.expect(responseJson.message).to.eql(\"Registro alterado com sucesso\");",
											"    } else { // Se o código for 201",
											"        pm.expect(responseJson.message).to.eql(\"Cadastro realizado com sucesso\");",
											"    }",
											"});",
											"",
											"// --- Captura de Dados (se um novo produto for criado) ---",
											"// Se o PUT resultou em uma criação, atualizamos a variável productId com o novo ID",
											"if (pm.response.code === 201) {",
											"    const responseJson = pm.response.json();",
											"    if (responseJson._id) {",
											"        pm.collectionVariables.set(\"productId\", responseJson._id);",
											"        console.log(\"PUT resultou em criação. Variável 'productId' atualizada: \" + responseJson._id);",
											"    }",
											"}"
										],
										"type": "text/javascript",
										"packages": {}
									}
								}
							],
							"request": {
								"auth": {
									"type": "bearer",
									"bearer": [
										{
											"key": "token",
											"value": "{{bearerToken}}",
											"type": "string"
										}
									]
								},
								"method": "PUT",
								"header": [
									{
										"key": "Accept",
										"value": "application/json",
										"type": "text"
									},
									{
										"key": "Content-Type",
										"value": "application/json",
										"type": "text"
									},
									{
										"key": "Authorization",
										"value": "<API Key>",
										"type": "text"
									}
								],
								"body": {
									"mode": "raw",
									"raw": "{\n  \"nome\": \"Logitech MX Vertical {{$randomInt}}\",\n  \"preco\": 470,\n  \"descricao\": \"Mouse\",\n  \"quantidade\": 381\n}",
									"options": {
										"raw": {
											"language": "json"
										}
									}
								},
								"url": {
									"raw": "{{baseUrl}}/produtos/{{productId}}",
									"host": [
										"{{baseUrl}}"
									],
									"path": [
										"produtos",
										"{{productId}}"
									]
								}
							},
							"response": [
								{
									"name": "Alterado com sucesso",
									"originalRequest": {
										"method": "PUT",
										"header": [
											{
												"key": "Accept",
												"value": "application/json",
												"type": "text"
											},
											{
												"key": "Content-Type",
												"value": "application/json",
												"type": "text"
											},
											{
												"key": "Authorization",
												"value": "<API Key>",
												"type": "text"
											}
										],
										"body": {
											"mode": "raw",
											"raw": "{\n  \"nome\": \"Logitech MX Vertical {{$randomInt}}\",\n  \"preco\": 470,\n  \"descricao\": \"Mouse\",\n  \"quantidade\": 381\n}",
											"options": {
												"raw": {
													"language": "json"
												}
											}
										},
										"url": {
											"raw": "{{baseUrl}}/produtos/{{productId}}",
											"host": [
												"{{baseUrl}}"
											],
											"path": [
												"produtos",
												"{{productId}}"
											]
										}
									},
									"status": "OK",
									"code": 200,
									"_postman_previewlanguage": "",
									"header": [],
									"cookie": [
										{
											"expires": "Invalid Date"
										}
									],
									"body": ""
								},
								{
									"name": "Cadastrado com sucesso",
									"originalRequest": {
										"method": "PUT",
										"header": [
											{
												"key": "Accept",
												"value": "application/json",
												"type": "text"
											},
											{
												"key": "Content-Type",
												"value": "application/json",
												"type": "text"
											},
											{
												"key": "Authorization",
												"value": "<API Key>",
												"type": "text"
											}
										],
										"body": {
											"mode": "raw",
											"raw": "{\n  \"nome\": \"Logitech MX Vertical {{$randomInt}}\",\n  \"preco\": 470,\n  \"descricao\": \"Mouse\",\n  \"quantidade\": 381\n}",
											"options": {
												"raw": {
													"language": "json"
												}
											}
										},
										"url": {
											"raw": "{{baseUrl}}/produtos/abcdef1234567890",
											"host": [
												"{{baseUrl}}"
											],
											"path": [
												"produtos",
												"abcdef1234567890"
											]
										}
									},
									"status": "Created",
									"code": 201,
									"_postman_previewlanguage": null,
									"header": null,
									"cookie": [],
									"body": null
								},
								{
									"name": "Já existe produto com esse nome",
									"originalRequest": {
										"method": "PUT",
										"header": [
											{
												"key": "Accept",
												"value": "application/json",
												"type": "text"
											},
											{
												"key": "Content-Type",
												"value": "application/json",
												"type": "text"
											},
											{
												"key": "Authorization",
												"value": "<API Key>",
												"type": "text"
											}
										],
										"body": {
											"mode": "raw",
											"raw": "{\n  \"nome\": \"Logitech MX Vertical\",\n  \"preco\": 470,\n  \"descricao\": \"Mouse\",\n  \"quantidade\": 381\n}",
											"options": {
												"raw": {
													"language": "json"
												}
											}
										},
										"url": {
											"raw": "{{baseUrl}}/produtos/{{productId}}",
											"host": [
												"{{baseUrl}}"
											],
											"path": [
												"produtos",
												"{{productId}}"
											]
										}
									},
									"status": "Bad Request",
									"code": 400,
									"_postman_previewlanguage": null,
									"header": null,
									"cookie": [],
									"body": null
								},
								{
									"name": "Token Ausente, inválido ou expirado",
									"originalRequest": {
										"method": "PUT",
										"header": [
											{
												"key": "Accept",
												"value": "application/json",
												"type": "text"
											},
											{
												"key": "Content-Type",
												"value": "application/json",
												"type": "text"
											},
											{
												"key": "Authorization",
												"value": "<API Key>",
												"type": "text"
											}
										],
										"body": {
											"mode": "raw",
											"raw": "{\n  \"nome\": \"Logitech MX Vertical\",\n  \"preco\": 470,\n  \"descricao\": \"Mouse\",\n  \"quantidade\": 381\n}",
											"options": {
												"raw": {
													"language": "json"
												}
											}
										},
										"url": {
											"raw": "{{baseUrl}}/produtos/{{productId}}",
											"host": [
												"{{baseUrl}}"
											],
											"path": [
												"produtos",
												"{{productId}}"
											]
										}
									},
									"status": "Unauthorized",
									"code": 401,
									"_postman_previewlanguage": null,
									"header": null,
									"cookie": [],
									"body": null
								},
								{
									"name": "Rota exclusiva para administradores",
									"originalRequest": {
										"method": "PUT",
										"header": [
											{
												"key": "Accept",
												"value": "application/json",
												"type": "text",
												"disabled": true
											},
											{
												"key": "Content-Type",
												"value": "application/json",
												"type": "text",
												"disabled": true
											},
											{
												"key": "Authorization",
												"value": "<API Key>",
												"type": "text",
												"disabled": true
											}
										],
										"url": {
											"raw": "{{baseUrl}}/produtos/{{productId}}",
											"host": [
												"{{baseUrl}}"
											],
											"path": [
												"produtos",
												"{{productId}}"
											]
										}
									},
									"status": "Forbidden",
									"code": 403,
									"_postman_previewlanguage": null,
									"header": null,
									"cookie": [],
									"body": null
								}
							]
						},
						{
							"name": "DELETE | Excluir produto",
							"event": [
								{
									"listen": "test",
									"script": {
										"exec": [
											"// --- Testes de Validação ---",
											"pm.test(\"Status Code deve ser 200 OK\", function () {",
											"    pm.response.to.have.status(200);",
											"});",
											"",
											"pm.test(\"Corpo da resposta deve conter a mensagem de exclusão\", function () {",
											"    const responseJson = pm.response.json();",
											"    pm.expect(responseJson.message).to.eql(\"Registro excluído com sucesso\");",
											"});",
											"",
											"// --- Limpeza de Variáveis (Teardown) ---",
											"if (pm.response.code === 200) {",
											"    pm.collectionVariables.set(\"productId\", \"\");",
											"    console.log(\"Variável 'productId' foi esvaziada após a exclusão.\");",
											"}"
										],
										"type": "text/javascript",
										"packages": {}
									}
								}
							],
							"request": {
								"auth": {
									"type": "bearer",
									"bearer": [
										{
											"key": "token",
											"value": "{{bearerToken}}",
											"type": "string"
										}
									]
								},
								"method": "DELETE",
								"header": [
									{
										"key": "Accept",
										"value": "application/json",
										"type": "text"
									}
								],
								"url": {
									"raw": "{{baseUrl}}/produtos/{{productId}}",
									"host": [
										"{{baseUrl}}"
									],
									"path": [
										"produtos",
										"{{productId}}"
									]
								}
							},
							"response": [
								{
									"name": "Registro excluído",
									"originalRequest": {
										"method": "DELETE",
										"header": [
											{
												"key": "Accept",
												"value": "application/json",
												"type": "text"
											},
											{
												"key": "Content-Type",
												"value": "application/json",
												"type": "text",
												"disabled": true
											},
											{
												"key": "Authorization",
												"value": "<API Key>",
												"type": "text"
											}
										],
										"url": {
											"raw": "{{baseUrl}}/produtos/:_id",
											"host": [
												"{{baseUrl}}"
											],
											"path": [
												"produtos",
												":_id"
											],
											"variable": [
												{
													"key": "_id",
													"value": ""
												}
											]
										}
									},
									"status": "OK",
									"code": 200,
									"_postman_previewlanguage": null,
									"header": null,
									"cookie": [],
									"body": null
								},
								{
									"name": "Produto faz parte de carrinho",
									"originalRequest": {
										"method": "DELETE",
										"header": [
											{
												"key": "Accept",
												"value": "application/json",
												"type": "text"
											},
											{
												"key": "Content-Type",
												"value": "application/json",
												"type": "text",
												"disabled": true
											},
											{
												"key": "Authorization",
												"value": "<API Key>",
												"type": "text"
											}
										],
										"url": {
											"raw": "{{baseUrl}}/produtos/:_id",
											"host": [
												"{{baseUrl}}"
											],
											"path": [
												"produtos",
												":_id"
											],
											"variable": [
												{
													"key": "_id",
													"value": ""
												}
											]
										}
									},
									"status": "Bad Request",
									"code": 400,
									"_postman_previewlanguage": null,
									"header": null,
									"cookie": [],
									"body": null
								},
								{
									"name": "Token Ausente, inválido ou expirado",
									"originalRequest": {
										"method": "DELETE",
										"header": [
											{
												"key": "Accept",
												"value": "application/json",
												"type": "text"
											},
											{
												"key": "Content-Type",
												"value": "application/json",
												"type": "text",
												"disabled": true
											},
											{
												"key": "Authorization",
												"value": "<API Key>",
												"type": "text"
											}
										],
										"url": {
											"raw": "{{baseUrl}}/produtos/:_id",
											"host": [
												"{{baseUrl}}"
											],
											"path": [
												"produtos",
												":_id"
											],
											"variable": [
												{
													"key": "_id",
													"value": ""
												}
											]
										}
									},
									"status": "Unauthorized",
									"code": 401,
									"_postman_previewlanguage": null,
									"header": null,
									"cookie": [],
									"body": null
								},
								{
									"name": "Rota exclusiva para administradores",
									"originalRequest": {
										"method": "DELETE",
										"header": [
											{
												"key": "Accept",
												"value": "application/json",
												"type": "text"
											},
											{
												"key": "Content-Type",
												"value": "application/json",
												"type": "text",
												"disabled": true
											},
											{
												"key": "Authorization",
												"value": "<API Key>",
												"type": "text"
											}
										],
										"url": {
											"raw": "{{baseUrl}}/produtos/:_id",
											"host": [
												"{{baseUrl}}"
											],
											"path": [
												"produtos",
												":_id"
											],
											"variable": [
												{
													"key": "_id",
													"value": ""
												}
											]
										}
									},
									"status": "Forbidden",
									"code": 403,
									"_postman_previewlanguage": null,
									"header": null,
									"cookie": [],
									"body": null
								}
							]
						}
					]
				},
				{
					"name": "GET | Listar produtos cadastrados",
					"event": [
						{
							"listen": "test",
							"script": {
								"exec": [
									"// --- Testes de Validação ---",
									"pm.test(\"Status Code deve ser 200 OK\", function () {",
									"    pm.response.to.have.status(200);",
									"});",
									"",
									"pm.test(\"Corpo da resposta deve conter a chave 'produtos'\", function () {",
									"    pm.response.to.have.jsonBody('produtos');",
									"});",
									"",
									"pm.test(\"A lista de produtos deve ser um array\", function () {",
									"    const responseJson = pm.response.json();",
									"    pm.expect(responseJson.produtos).to.be.an('array');",
									"});"
								],
								"type": "text/javascript",
								"packages": {}
							}
						}
					],
					"protocolProfileBehavior": {
						"disableBodyPruning": true
					},
					"request": {
						"method": "GET",
						"header": [
							{
								"key": "Accept",
								"value": "application/json",
								"type": "text"
							}
						],
						"body": {
							"mode": "raw",
							"raw": ""
						},
						"url": {
							"raw": "{{baseUrl}}/produtos",
							"host": [
								"{{baseUrl}}"
							],
							"path": [
								"produtos"
							]
						}
					},
					"response": [
						{
							"name": "Lista de produtos",
							"originalRequest": {
								"method": "GET",
								"header": [
									{
										"key": "Accept",
										"value": "application/json",
										"type": "text"
									}
								],
								"url": {
									"raw": "{{baseUrl}}/produtos?_id=string&nome=string&preco=2527&descricao=string&quantidade=4292",
									"host": [
										"{{baseUrl}}"
									],
									"path": [
										"produtos"
									],
									"query": [
										{
											"key": "_id",
											"value": "string"
										},
										{
											"key": "nome",
											"value": "string"
										},
										{
											"key": "preco",
											"value": "2527"
										},
										{
											"key": "descricao",
											"value": "string"
										},
										{
											"key": "quantidade",
											"value": "4292"
										}
									]
								}
							},
							"_postman_previewlanguage": null,
							"header": null,
							"cookie": [],
							"body": null
						}
					]
				},
				{
					"name": "POST | Cadastrar produto",
					"event": [
						{
							"listen": "test",
							"script": {
								"exec": [
									"// Teste 1: Validar que a resposta da criação foi bem-sucedida",
									"pm.test(\"Status code é 201 Created\", function () {",
									"    pm.response.to.have.status(201);",
									"});",
									"",
									"// Captura do ID: Extrair o _id do produto da resposta e salvá-lo em uma variável de coleção",
									"const responseJson = pm.response.json();",
									"if (responseJson._id) {",
									"    pm.collectionVariables.set(\"productId\", responseJson._id);",
									"    console.log(\"Produto criado com sucesso. ID salvo na variável 'productId': \" + responseJson._id);",
									"}",
									"",
									"// Teste 2: Validar que o corpo da resposta contém a mensagem esperada",
									"pm.test(\"Resposta contém a mensagem de sucesso\", function () {",
									"    pm.expect(responseJson.message).to.eql(\"Cadastro realizado com sucesso\");",
									"});"
								],
								"type": "text/javascript",
								"packages": {}
							}
						}
					],
					"request": {
						"auth": {
							"type": "bearer",
							"bearer": [
								{
									"key": "token",
									"value": "{{bearerToken}}",
									"type": "string"
								}
							]
						},
						"method": "POST",
						"header": [
							{
								"key": "Content-Type",
								"value": "application/json",
								"type": "text"
							},
							{
								"key": "Accept",
								"value": "application/json",
								"type": "text"
							}
						],
						"body": {
							"mode": "raw",
							"raw": "{\n  \"nome\": \"Cadeira Gamer DT3 {{$randomInt}}\",\n  \"preco\": 1500,\n  \"descricao\": \"Cadeira ergonômica para jogos\",\n  \"quantidade\": 150\n}",
							"options": {
								"raw": {
									"language": "json"
								}
							}
						},
						"url": {
							"raw": "{{baseUrl}}/produtos",
							"host": [
								"{{baseUrl}}"
							],
							"path": [
								"produtos"
							]
						}
					},
					"response": [
						{
							"name": "Cadastrar produto com sucesso",
							"originalRequest": {
								"method": "POST",
								"header": [
									{
										"key": "Accept",
										"value": "application/json",
										"type": "text"
									},
									{
										"key": "Content-Type",
										"value": "application/json",
										"type": "text"
									},
									{
										"key": "Authorization",
										"value": "<API Key>",
										"type": "text"
									}
								],
								"body": {
									"mode": "raw",
									"raw": "{\n  \"nome\": \"Logitech MX Vertical\",\n  \"preco\": 470,\n  \"descricao\": \"Mouse\",\n  \"quantidade\": 381\n}",
									"options": {
										"raw": {
											"language": "json"
										}
									}
								},
								"url": {
									"raw": "{{baseUrl}}/produtos",
									"host": [
										"{{baseUrl}}"
									],
									"path": [
										"produtos"
									]
								}
							},
							"status": "Created",
							"code": 201,
							"_postman_previewlanguage": null,
							"header": null,
							"cookie": [],
							"body": null
						},
						{
							"name": "Já existe produto com esse nome",
							"originalRequest": {
								"method": "POST",
								"header": [
									{
										"key": "Accept",
										"value": "application/json",
										"type": "text"
									},
									{
										"key": "Content-Type",
										"value": "application/json",
										"type": "text"
									},
									{
										"key": "Authorization",
										"value": "<API Key>",
										"type": "text"
									}
								],
								"body": {
									"mode": "raw",
									"raw": "{\n  \"nome\": \"Logitech MX Vertical\",\n  \"preco\": 470,\n  \"descricao\": \"Mouse\",\n  \"quantidade\": 381\n}",
									"options": {
										"raw": {
											"language": "json"
										}
									}
								},
								"url": {
									"raw": "{{baseUrl}}/produtos",
									"host": [
										"{{baseUrl}}"
									],
									"path": [
										"produtos"
									]
								}
							},
							"status": "Bad Request",
							"code": 400,
							"_postman_previewlanguage": null,
							"header": null,
							"cookie": [],
							"body": null
						},
						{
							"name": "Token ausente, inválido ou expirado",
							"originalRequest": {
								"method": "POST",
								"header": [
									{
										"key": "Accept",
										"value": "application/json",
										"type": "text"
									},
									{
										"key": "Content-Type",
										"value": "application/json",
										"type": "text"
									},
									{
										"key": "Authorization",
										"value": "<API Key>",
										"type": "text",
										"disabled": true
									}
								],
								"body": {
									"mode": "raw",
									"raw": "{\n  \"nome\": \"Logitech MX Vertical\",\n  \"preco\": 470,\n  \"descricao\": \"Mouse\",\n  \"quantidade\": 381\n}",
									"options": {
										"raw": {
											"language": "json"
										}
									}
								},
								"url": {
									"raw": "{{baseUrl}}/produtos",
									"host": [
										"{{baseUrl}}"
									],
									"path": [
										"produtos"
									]
								}
							},
							"status": "Unauthorized",
							"code": 401,
							"_postman_previewlanguage": null,
							"header": null,
							"cookie": [],
							"body": null
						},
						{
							"name": "Rota exclusiva para admistradores",
							"originalRequest": {
								"method": "POST",
								"header": [
									{
										"key": "Accept",
										"value": "application/json",
										"type": "text"
									},
									{
										"key": "Content-Type",
										"value": "application/json",
										"type": "text"
									},
									{
										"key": "Authorization",
										"value": "<API Key>",
										"type": "text"
									}
								],
								"url": {
									"raw": "{{baseUrl}}/produtos",
									"host": [
										"{{baseUrl}}"
									],
									"path": [
										"produtos"
									]
								}
							},
							"status": "Forbidden",
							"code": 403,
							"_postman_previewlanguage": null,
							"header": null,
							"cookie": [],
							"body": null
						}
					]
				},
				{
					"name": "POST | Cadastrar com token inválido",
					"event": [
						{
							"listen": "test",
							"script": {
								"exec": [
									"// --- Testes de Validação de Segurança ---",
									"pm.test(\"Status Code deve ser 401 Unauthorized\", function () {",
									"    pm.response.to.have.status(401);",
									"});",
									"",
									"pm.test(\"Corpo da resposta deve conter mensagem de token inválido\", function () {",
									"    const responseJson = pm.response.json();",
									"    pm.expect(responseJson.message).to.include(\"Token de acesso ausente, inválido, expirado ou usuário do token não existe mais\");",
									"});"
								],
								"type": "text/javascript",
								"packages": {}
							}
						}
					],
					"request": {
						"auth": {
							"type": "noauth"
						},
						"method": "POST",
						"header": [],
						"body": {
							"mode": "raw",
							"raw": "{\n  \"nome\": \"Logitech MX Vertical pro max\",\n  \"preco\": 470,\n  \"descricao\": \"Mouse\",\n  \"quantidade\": 381\n}",
							"options": {
								"raw": {
									"language": "json"
								}
							}
						},
						"url": {
							"raw": "{{baseUrl}}/produtos?",
							"host": [
								"{{baseUrl}}"
							],
							"path": [
								"produtos"
							],
							"query": [
								{
									"key": "",
									"value": null
								}
							]
						}
					},
					"response": []
				}
			]
		},
		{
			"name": "/carrinhos",
			"item": [
				{
					"name": "{_id}",
					"item": [
						{
							"name": "Cadastrar carrinho",
							"event": [
								{
									"listen": "test",
									"script": {
										"exec": [
											"// Teste 1: Validar que a criação do carrinho foi bem-sucedida",
											"pm.test(\"Status code é 201 Created\", function () {",
											"    pm.response.to.have.status(201);",
											"});",
											"",
											"// Captura do ID: Extrair o _id do carrinho da resposta e salvá-lo em uma variável de coleção",
											"const responseJson = pm.response.json();",
											"if (responseJson._id) {",
											"    pm.collectionVariables.set(\"cartId\", responseJson._id);",
											"    console.log(\"Carrinho criado com sucesso. ID salvo na variável 'cartId': \" + responseJson._id);",
											"}",
											"",
											"// Teste 2: Validar que o corpo da resposta contém a mensagem esperada",
											"pm.test(\"Resposta contém a mensagem de sucesso\", function () {",
											"    pm.expect(responseJson.message).to.eql(\"Cadastro realizado com sucesso\");",
											"});"
										],
										"type": "text/javascript",
										"packages": {}
									}
								}
							],
							"request": {
								"auth": {
									"type": "bearer",
									"bearer": [
										{
											"key": "token",
											"value": "{{bearerToken}}",
											"type": "string"
										}
									]
								},
								"method": "POST",
								"header": [
									{
										"key": "Content-Type",
										"value": "application/json"
									},
									{
										"key": "Accept",
										"value": "application/json"
									}
								],
								"body": {
									"mode": "raw",
									"raw": "{\n  \"produtos\": [{\n    \"idProduto\": \"{{productId}}\",\n    \"quantidade\": 8\n  }\n  ]\n}"
								},
								"url": {
									"raw": "{{baseUrl}}/carrinhos",
									"host": [
										"{{baseUrl}}"
									],
									"path": [
										"carrinhos"
									]
								}
							},
							"response": [
								{
									"name": "Cadastro com sucesso",
									"originalRequest": {
										"method": "POST",
										"header": [
											{
												"key": "Content-Type",
												"value": "application/json"
											},
											{
												"key": "Accept",
												"value": "application/json"
											}
										],
										"body": {
											"mode": "raw",
											"raw": "{\n  \"produtos\": [{\n    \"idProduto\": \"{{productId}}\",\n    \"quantidade\": 8688\n  }]\n}"
										},
										"url": {
											"raw": "{{baseUrl}}/carrinhos",
											"host": [
												"{{baseUrl}}"
											],
											"path": [
												"carrinhos"
											]
										}
									},
									"status": "OK",
									"code": 200,
									"_postman_previewlanguage": null,
									"header": null,
									"cookie": [],
									"body": null
								},
								{
									"name": "Algo deu errado",
									"originalRequest": {
										"method": "POST",
										"header": [
											{
												"key": "Content-Type",
												"value": "application/json"
											},
											{
												"key": "Accept",
												"value": "application/json"
											}
										],
										"body": {
											"mode": "raw",
											"raw": "{\n  \"produtos\": [{\n    \"idProduto\": \"s\",\n    \"quantidade\": 8688\n  }]\n}"
										},
										"url": {
											"raw": "{{baseUrl}}/carrinhos",
											"host": [
												"{{baseUrl}}"
											],
											"path": [
												"carrinhos"
											]
										}
									},
									"status": "Bad Request",
									"code": 400,
									"_postman_previewlanguage": null,
									"header": null,
									"cookie": [],
									"body": null
								},
								{
									"name": "Token ausente, inválido ou expirado",
									"originalRequest": {
										"method": "POST",
										"header": [
											{
												"key": "Content-Type",
												"value": "application/json"
											},
											{
												"key": "Accept",
												"value": "application/json"
											}
										],
										"body": {
											"mode": "raw",
											"raw": "{\n  \"produtos\": {\n    \"idProduto\": \"s\",\n    \"quantidade\": 8688\n  }\n}"
										},
										"url": {
											"raw": "{{baseUrl}}/carrinhos",
											"host": [
												"{{baseUrl}}"
											],
											"path": [
												"carrinhos"
											]
										}
									},
									"status": "Unauthorized",
									"code": 401,
									"_postman_previewlanguage": null,
									"header": null,
									"cookie": [],
									"body": null
								}
							]
						},
						{
							"name": "Buscar carrinho por ID",
							"event": [
								{
									"listen": "test",
									"script": {
										"exec": [
											"// --- Testes de Validação ---",
											"pm.test(\"Status Code deve ser 200 OK\", function () {",
											"    pm.response.to.have.status(200);",
											"});",
											"",
											"pm.test(\"O ID do carrinho retornado deve ser o mesmo que foi solicitado\", function () {",
											"    const cartId = pm.collectionVariables.get(\"cartId\");",
											"    const responseJson = pm.response.json();",
											"    pm.expect(responseJson._id).to.eql(cartId);",
											"});"
										],
										"type": "text/javascript",
										"packages": {}
									}
								}
							],
							"request": {
								"method": "GET",
								"header": [
									{
										"key": "Accept",
										"value": "application/json"
									}
								],
								"url": {
									"raw": "{{baseUrl}}/carrinhos/{{cartId}}",
									"host": [
										"{{baseUrl}}"
									],
									"path": [
										"carrinhos",
										"{{cartId}}"
									]
								}
							},
							"response": [
								{
									"name": "Carrinho encontrado",
									"originalRequest": {
										"method": "GET",
										"header": [
											{
												"key": "Accept",
												"value": "application/json",
												"type": "text"
											}
										],
										"url": {
											"raw": "{{baseUrl}}/carrinhos/:_id",
											"host": [
												"{{baseUrl}}"
											],
											"path": [
												"carrinhos",
												":_id"
											],
											"variable": [
												{
													"key": "_id",
													"value": ""
												}
											]
										}
									},
									"status": "OK",
									"code": 200,
									"_postman_previewlanguage": null,
									"header": null,
									"cookie": [],
									"body": null
								},
								{
									"name": "Carrinho não encontrado",
									"originalRequest": {
										"method": "GET",
										"header": [
											{
												"key": "Accept",
												"value": "application/json",
												"type": "text"
											}
										],
										"url": {
											"raw": "{{baseUrl}}/carrinhos/abcdef1234567890",
											"host": [
												"{{baseUrl}}"
											],
											"path": [
												"carrinhos",
												"abcdef1234567890"
											]
										}
									},
									"status": "Bad Request",
									"code": 400,
									"_postman_previewlanguage": "",
									"header": [],
									"cookie": [
										{
											"expires": "Invalid Date"
										}
									],
									"body": ""
								}
							]
						}
					]
				},
				{
					"name": "Concluir-compra",
					"item": [
						{
							"name": "DELETE | Excluir carrinho",
							"event": [
								{
									"listen": "test",
									"script": {
										"exec": [
											"// --- Teste para o cenário onde um carrinho EXISTE ---",
											"pm.test(\"Status Code deve ser 200 OK\", function () {",
											"    pm.response.to.have.status(200);",
											"});",
											"",
											"pm.test(\"Corpo da resposta deve conter a mensagem de conclusão\", function () {",
											"    const responseJson = pm.response.json();",
											"    // A API retorna mensagens diferentes para concluir e cancelar, então validamos a de cancelamento aqui",
											"    if(pm.request.url.getPath().endsWith('concluir-compra')) {",
											"        pm.expect(responseJson.message).to.eql(\"Registro excluído com sucesso\");",
											"    } else {",
											"        pm.expect(responseJson.message).to.eql(\"Não foi encontrado carrinho para esse usuário\");",
											"    }",
											"});"
										],
										"type": "text/javascript",
										"packages": {}
									}
								}
							],
							"request": {
								"auth": {
									"type": "bearer",
									"bearer": [
										{
											"key": "token",
											"value": "{{bearerToken}}",
											"type": "string"
										}
									]
								},
								"method": "DELETE",
								"header": [
									{
										"key": "Accept",
										"value": "application/json"
									}
								],
								"body": {
									"mode": "raw",
									"raw": ""
								},
								"url": {
									"raw": "{{baseUrl}}/carrinhos/concluir-compra",
									"host": [
										"{{baseUrl}}"
									],
									"path": [
										"carrinhos",
										"concluir-compra"
									]
								}
							},
							"response": [
								{
									"name": "Registro excluido com sucesso",
									"originalRequest": {
										"method": "DELETE",
										"header": [
											{
												"key": "Accept",
												"value": "application/json",
												"type": "text"
											},
											{
												"key": "Authorization",
												"value": "<API Key>",
												"type": "text"
											}
										],
										"body": {
											"mode": "raw",
											"raw": "{\n  \"produtos\": {\n    \"idProduto\": \"s\",\n    \"quantidade\": 8688\n  }\n}"
										},
										"url": {
											"raw": "{{baseUrl}}/carrinhos/concluir-compra",
											"host": [
												"{{baseUrl}}"
											],
											"path": [
												"carrinhos",
												"concluir-compra"
											]
										}
									},
									"status": "OK",
									"code": 200,
									"_postman_previewlanguage": null,
									"header": null,
									"cookie": [],
									"body": null
								},
								{
									"name": "Token ausente, inválido ou expirado",
									"originalRequest": {
										"method": "DELETE",
										"header": [
											{
												"key": "Accept",
												"value": "application/json",
												"type": "text",
												"disabled": true
											},
											{
												"key": "Authorization",
												"value": "<API Key>",
												"type": "text",
												"disabled": true
											}
										],
										"body": {
											"mode": "raw",
											"raw": "{\n  \"produtos\": {\n    \"idProduto\": \"s\",\n    \"quantidade\": 8688\n  }\n}"
										},
										"url": {
											"raw": "{{baseUrl}}/carrinhos/concluir-compra",
											"host": [
												"{{baseUrl}}"
											],
											"path": [
												"carrinhos",
												"concluir-compra"
											]
										}
									},
									"status": "Unauthorized",
									"code": 401,
									"_postman_previewlanguage": null,
									"header": [
										{
											"key": "Authorization",
											"value": "abcdef",
											"description": "",
											"type": "text"
										}
									],
									"cookie": [],
									"body": null
								}
							]
						}
					]
				},
				{
					"name": "Cancelar-compra",
					"item": [
						{
							"name": "Excluir carrinho e retornar produtos ao estoque",
							"event": [
								{
									"listen": "test",
									"script": {
										"exec": [
											"// --- Teste para o cenário onde um carrinho EXISTE ---",
											"pm.test(\"Status Code deve ser 200 OK\", function () {",
											"    pm.response.to.have.status(200);",
											"});",
											"",
											"pm.test(\"Corpo da resposta deve conter a mensagem de cancelamento\", function () {",
											"    const responseJson = pm.response.json();",
											"    // A API retorna mensagens diferentes para concluir e cancelar, então validamos a de cancelamento aqui",
											"    if(pm.request.url.getPath().endsWith('cancelar-compra')) {",
											"        pm.expect(responseJson.message).to.eql(\"Não foi encontrado carrinho para esse usuário\");",
											"    } else {",
											"        pm.expect(responseJson.message).to.eql(\"Registro excluído com sucesso\");",
											"    }",
											"});"
										],
										"type": "text/javascript",
										"packages": {}
									}
								}
							],
							"request": {
								"auth": {
									"type": "bearer",
									"bearer": [
										{
											"key": "token",
											"value": "{{bearerToken}}",
											"type": "string"
										}
									]
								},
								"method": "DELETE",
								"header": [
									{
										"key": "Accept",
										"value": "application/json"
									}
								],
								"body": {
									"mode": "raw",
									"raw": ""
								},
								"url": {
									"raw": "{{baseUrl}}/carrinhos/cancelar-compra",
									"host": [
										"{{baseUrl}}"
									],
									"path": [
										"carrinhos",
										"cancelar-compra"
									]
								}
							},
							"response": [
								{
									"name": "Registro excluído",
									"originalRequest": {
										"method": "DELETE",
										"header": [
											{
												"key": "Accept",
												"value": "application/json",
												"type": "text"
											},
											{
												"key": "Authorization",
												"value": "<API Key>",
												"type": "text"
											}
										],
										"body": {
											"mode": "raw",
											"raw": "{\n  \"produtos\": {\n    \"idProduto\": \"s\",\n    \"quantidade\": 8688\n  }\n}"
										},
										"url": {
											"raw": "{{baseUrl}}/carrinhos/cancelar-compra",
											"host": [
												"{{baseUrl}}"
											],
											"path": [
												"carrinhos",
												"cancelar-compra"
											]
										}
									},
									"status": "OK",
									"code": 200,
									"_postman_previewlanguage": null,
									"header": null,
									"cookie": [],
									"body": null
								},
								{
									"name": "Excluir carrinho e retornar produtos ao estoque",
									"originalRequest": {
										"method": "DELETE",
										"header": [
											{
												"key": "Accept",
												"value": "application/json",
												"type": "text"
											},
											{
												"key": "Authorization",
												"value": "<API Key>",
												"type": "text"
											}
										],
										"body": {
											"mode": "raw",
											"raw": "{\n  \"produtos\": {\n    \"idProduto\": \"s\",\n    \"quantidade\": 8688\n  }\n}"
										},
										"url": {
											"raw": "{{baseUrl}}/carrinhos/cancelar-compra",
											"host": [
												"{{baseUrl}}"
											],
											"path": [
												"carrinhos",
												"cancelar-compra"
											]
										}
									},
									"status": "Unauthorized",
									"code": 401,
									"_postman_previewlanguage": "",
									"header": [],
									"cookie": [
										{
											"expires": "Invalid Date"
										}
									],
									"body": ""
								}
							]
						}
					]
				},
				{
					"name": "GET | Listar carrinhos",
					"event": [
						{
							"listen": "test",
							"script": {
								"exec": [
									"// --- Testes de Validação ---",
									"pm.test(\"Status Code deve ser 200 OK\", function () {",
									"    pm.response.to.have.status(200);",
									"});",
									"",
									"pm.test(\"Corpo da resposta deve conter a chave 'carrinhos'\", function () {",
									"    pm.response.to.have.jsonBody('carrinhos');",
									"});",
									"",
									"pm.test(\"A lista de carrinhos deve ser um array\", function () {",
									"    const responseJson = pm.response.json();",
									"    pm.expect(responseJson.carrinhos).to.be.an('array');",
									"});"
								],
								"type": "text/javascript",
								"packages": {}
							}
						}
					],
					"protocolProfileBehavior": {
						"disableBodyPruning": true
					},
					"request": {
						"auth": {
							"type": "bearer",
							"bearer": [
								{
									"key": "token",
									"value": "{{bearerToken}}",
									"type": "string"
								}
							]
						},
						"method": "GET",
						"header": [
							{
								"key": "Accept",
								"value": "application/json"
							}
						],
						"body": {
							"mode": "raw",
							"raw": ""
						},
						"url": {
							"raw": "{{baseUrl}}/carrinhos",
							"host": [
								"{{baseUrl}}"
							],
							"path": [
								"carrinhos"
							]
						}
					},
					"response": [
						{
							"name": "Listar carrinhos",
							"originalRequest": {
								"method": "GET",
								"header": [
									{
										"key": "Accept",
										"value": "application/json"
									}
								],
								"body": {
									"mode": "raw",
									"raw": ""
								},
								"url": {
									"raw": "{{baseUrl}}/carrinhos",
									"host": [
										"{{baseUrl}}"
									],
									"path": [
										"carrinhos"
									]
								}
							},
							"_postman_previewlanguage": null,
							"header": null,
							"cookie": [],
							"body": null
						}
					]
				}
			]
		}
	],
	"event": [
		{
			"listen": "prerequest",
			"script": {
				"type": "text/javascript",
				"packages": {},
				"exec": [
					""
				]
			}
		},
		{
			"listen": "test",
			"script": {
				"type": "text/javascript",
				"packages": {},
				"exec": [
					""
				]
			}
		}
	],
	"variable": [
		{
			"key": "baseUrl",
			"value": ""
		},
		{
			"key": "nome",
			"value": ""
		},
		{
			"key": "email",
			"value": ""
		},
		{
			"key": "password",
			"value": ""
		},
		{
			"key": "userId",
			"value": ""
		},
		{
			"key": "bearerToken",
			"value": ""
		},
		{
			"key": "productId",
			"value": ""
		},
		{
			"key": "cartId",
			"value": ""
		},
		{
			"key": "dynamicUserEmail",
			"value": ""
		},
		{
			"key": "dynamicUserPassword",
			"value": ""
		}
	]
}