{
	"info": {
		"_postman_id": "2fb66748-db6b-4392-9a88-468c8c333738",
		"name": "Pet StoreAPI - PET - Eric Lima",
		"schema": "https://schema.getpostman.com/json/collection/v2.1.0/collection.json",
		"_exporter_id": "46691949"
	},
	"item": [
		{
			"name": "Add a new pet",
			"request": {
				"method": "POST",
				"header": [],
				"body": {
					"mode": "raw",
					"raw": "\r\n{\r\n  \"id\": 12785,\r\n  \"name\": \"Lili\",\r\n  \"category\": {\r\n    \"id\": 12,\r\n    \"name\": \"Cat\"\r\n  },\r\n  \"photoUrls\": [\r\n    \"string\"\r\n  ],\r\n  \"tags\": [\r\n    {\r\n      \"id\": 7,\r\n      \"name\": \"Cute\"\r\n    }\r\n  ],\r\n  \"status\": \"available\"\r\n}",
					"options": {
						"raw": {
							"language": "json"
						}
					}
				},
				"url": {
					"raw": "{{url}}/pet",
					"host": [
						"{{url}}"
					],
					"path": [
						"pet"
					]
				}
			},
			"response": []
		},
		{
			"name": "Update an existing pet",
			"request": {
				"method": "PUT",
				"header": [],
				"body": {
					"mode": "raw",
					"raw": "\r\n{\r\n  \"id\": 12785,\r\n  \"name\": \"Lili-update\",\r\n  \"category\": {\r\n    \"id\": 12,\r\n    \"name\": \"Cat\"\r\n  },\r\n  \"photoUrls\": [\r\n    \"string\"\r\n  ],\r\n  \"tags\": [\r\n    {\r\n      \"id\": 7,\r\n      \"name\": \"Cute\"\r\n    }\r\n  ],\r\n  \"status\": \"available\"\r\n}",
					"options": {
						"raw": {
							"language": "json"
						}
					}
				},
				"url": {
					"raw": "{{url}}/pet",
					"host": [
						"{{url}}"
					],
					"path": [
						"pet"
					]
				}
			},
			"response": []
		},
		{
			"name": "Updates a pet in the store with form data",
			"request": {
				"method": "POST",
				"header": [],
				"body": {
					"mode": "urlencoded",
					"urlencoded": [
						{
							"key": "name",
							"value": "Lili-form",
							"type": "text"
						},
						{
							"key": "status",
							"value": "sold",
							"type": "text"
						}
					]
				},
				"url": {
					"raw": "{{url}}/pet/:petId",
					"host": [
						"{{url}}"
					],
					"path": [
						"pet",
						":petId"
					],
					"variable": [
						{
							"key": "petId",
							"value": "12785"
						}
					]
				}
			},
			"response": []
		},
		{
			"name": "Uploads an image",
			"request": {
				"method": "POST",
				"header": [
					{
						"key": "Accept",
						"value": "application/json",
						"type": "text"
					},
					{
						"key": "Content-Type",
						"value": "application/octet-stream",
						"type": "text"
					},
					{
						"key": "Content-Type",
						"value": "multipart/form-data",
						"type": "text",
						"disabled": true
					}
				],
				"body": {
					"mode": "file",
					"file": {
						"src": ""
					}
				},
				"url": {
					"raw": "{{url}}/pet/:petId/uploadImage?additionalMetadata=cute",
					"host": [
						"{{url}}"
					],
					"path": [
						"pet",
						":petId",
						"uploadImage"
					],
					"query": [
						{
							"key": "additionalMetadata",
							"value": "cute"
						}
					],
					"variable": [
						{
							"key": "petId",
							"value": "12785"
						}
					]
				}
			},
			"response": []
		}
	],
	"event": [
		{
			"listen": "prerequest",
			"script": {
				"type": "text/javascript",
				"packages": {},
				"exec": [
					""
				]
			}
		},
		{
			"listen": "test",
			"script": {
				"type": "text/javascript",
				"packages": {},
				"exec": [
					""
				]
			}
		}
	],
	"variable": [
		{
			"key": "url",
			"value": "",
			"type": "string"
		},
		{
			"key": "url-local",
			"value": "",
			"type": "string"
		}
	]
}