{
	"info": {
		"_postman_id": "3b1bef5a-a928-4a26-b0ca-a86d5d5fd0da",
		"name": "PetstoreAPI_Agemilson",
		"schema": "https://schema.getpostman.com/json/collection/v2.1.0/collection.json",
		"_exporter_id": "38440172"
	},
	"item": [
		{
			"name": "TC000 - Criar Pets - Cachorro",
			"request": {
				"method": "POST",
				"header": [],
				"body": {
					"mode": "raw",
					"raw": "{\n  \"id\": 1111,\n  \"name\": \"Cachorro de Teste\",\n  \"category\": {\n    \"id\": 1,\n    \"name\": \"Dogs\"\n  },\n  \"photoUrls\": [\n    \"string\"\n  ],\n  \"tags\": [\n    {\n      \"id\": 10,\n      \"name\": \"Viralata\"\n    }\n  ],\n  \"status\": \"available\"\n}",
					"options": {
						"raw": {
							"language": "json"
						}
					}
				},
				"url": {
					"raw": "{{base_url}}/pet",
					"host": [
						"{{base_url}}"
					],
					"path": [
						"pet"
					]
				}
			},
			"response": []
		},
		{
			"name": "TC000 - Criar Pets - Gato",
			"request": {
				"method": "POST",
				"header": [],
				"body": {
					"mode": "raw",
					"raw": "{\n  \"id\": 2222,\n  \"name\": \"Gato de Teste\",\n  \"category\": {\n    \"id\": 1,\n    \"name\": \"Dogs\"\n  },\n  \"photoUrls\": [\n    \"string\"\n  ],\n  \"tags\": [\n    {\n      \"id\": 20,\n      \"name\": \"Frajola\"\n    }\n  ],\n  \"status\": \"available\"\n}",
					"options": {
						"raw": {
							"language": "json"
						}
					}
				},
				"url": {
					"raw": "{{base_url}}/pet",
					"host": [
						"{{base_url}}"
					],
					"path": [
						"pet"
					]
				}
			},
			"response": []
		},
		{
			"name": "TC001 - Buscar pet",
			"request": {
				"method": "GET",
				"header": [],
				"url": {
					"raw": "{{base_url}}/pet/{{petId - Cachorro}}",
					"host": [
						"{{base_url}}"
					],
					"path": [
						"pet",
						"{{petId - Cachorro}}"
					]
				}
			},
			"response": []
		},
		{
			"name": "TC002 - Buscar pet inexistente",
			"request": {
				"method": "GET",
				"header": [],
				"url": {
					"raw": "{{base_url}}/pet/123123123",
					"host": [
						"{{base_url}}"
					],
					"path": [
						"pet",
						"123123123"
					]
				}
			},
			"response": []
		},
		{
			"name": "TC003 - Filtrar por status",
			"protocolProfileBehavior": {
				"disableBodyPruning": true
			},
			"request": {
				"method": "GET",
				"header": [],
				"body": {
					"mode": "raw",
					"raw": "{\n  \"id\": 10,\n  \"username\": \"theUser\",\n  \"firstName\": \"John\",\n  \"lastName\": \"JamesBaxter\",\n  \"email\": \"john@email.com\",\n  \"password\": \"12345\",\n  \"phone\": \"12345\",\n  \"userStatus\": 1\n}",
					"options": {
						"raw": {
							"language": "json"
						}
					}
				},
				"url": {
					"raw": "{{base_url}}/pet/findByStatus?status=available",
					"host": [
						"{{base_url}}"
					],
					"path": [
						"pet",
						"findByStatus"
					],
					"query": [
						{
							"key": "status",
							"value": "available"
						},
						{
							"key": "status",
							"value": "pending",
							"disabled": true
						},
						{
							"key": "status",
							"value": "sold",
							"disabled": true
						}
					]
				}
			},
			"response": []
		},
		{
			"name": "TC004 - Filtrar usando vários status",
			"protocolProfileBehavior": {
				"disableBodyPruning": true
			},
			"request": {
				"method": "GET",
				"header": [],
				"body": {
					"mode": "raw",
					"raw": "{\n  \"id\": 10,\n  \"username\": \"theUser\",\n  \"firstName\": \"John\",\n  \"lastName\": \"JamesBaxter\",\n  \"email\": \"john@email.com\",\n  \"password\": \"12345\",\n  \"phone\": \"12345\",\n  \"userStatus\": 1\n}",
					"options": {
						"raw": {
							"language": "json"
						}
					}
				},
				"url": {
					"raw": "{{base_url}}/pet/findByStatus?status=available,pending",
					"host": [
						"{{base_url}}"
					],
					"path": [
						"pet",
						"findByStatus"
					],
					"query": [
						{
							"key": "status",
							"value": "available,pending"
						}
					]
				}
			},
			"response": []
		},
		{
			"name": "TC005 - Filtrar por tags",
			"protocolProfileBehavior": {
				"disableBodyPruning": true
			},
			"request": {
				"method": "GET",
				"header": [],
				"body": {
					"mode": "raw",
					"raw": "{\n  \"id\": 10,\n  \"username\": \"theUser\",\n  \"firstName\": \"John\",\n  \"lastName\": \"JamesBaxter\",\n  \"email\": \"john@email.com\",\n  \"password\": \"12345\",\n  \"phone\": \"12345\",\n  \"userStatus\": 1\n}"
				},
				"url": {
					"raw": "{{base_url}}/pet/findByTags?tags=Viralata",
					"host": [
						"{{base_url}}"
					],
					"path": [
						"pet",
						"findByTags"
					],
					"query": [
						{
							"key": "tags",
							"value": "Viralata"
						}
					]
				}
			},
			"response": []
		},
		{
			"name": "TC006 - Filtrar usando várias tags",
			"protocolProfileBehavior": {
				"disableBodyPruning": true
			},
			"request": {
				"method": "GET",
				"header": [],
				"body": {
					"mode": "raw",
					"raw": "{\n  \"id\": 10,\n  \"username\": \"theUser\",\n  \"firstName\": \"John\",\n  \"lastName\": \"JamesBaxter\",\n  \"email\": \"john@email.com\",\n  \"password\": \"12345\",\n  \"phone\": \"12345\",\n  \"userStatus\": 1\n}"
				},
				"url": {
					"raw": "{{base_url}}/pet/findByTags?tags=Viralata&tags=Frajola",
					"host": [
						"{{base_url}}"
					],
					"path": [
						"pet",
						"findByTags"
					],
					"query": [
						{
							"key": "tags",
							"value": "Viralata"
						},
						{
							"key": "tags",
							"value": "Frajola"
						}
					]
				}
			},
			"response": []
		},
		{
			"name": "TC007 - Filtrar usando tag inexistente",
			"protocolProfileBehavior": {
				"disableBodyPruning": true
			},
			"request": {
				"method": "GET",
				"header": [],
				"body": {
					"mode": "raw",
					"raw": "{\n  \"id\": 10,\n  \"username\": \"theUser\",\n  \"firstName\": \"John\",\n  \"lastName\": \"JamesBaxter\",\n  \"email\": \"john@email.com\",\n  \"password\": \"12345\",\n  \"phone\": \"12345\",\n  \"userStatus\": 1\n}"
				},
				"url": {
					"raw": "{{base_url}}/pet/findByTags?tags=AAAAAAAAAAAAA",
					"host": [
						"{{base_url}}"
					],
					"path": [
						"pet",
						"findByTags"
					],
					"query": [
						{
							"key": "tags",
							"value": "AAAAAAAAAAAAA"
						}
					]
				}
			},
			"response": []
		},
		{
			"name": "TC008 - Excluir pet",
			"request": {
				"method": "DELETE",
				"header": [],
				"url": {
					"raw": "{{base_url}}/pet/{{petId - Cachorro}}",
					"host": [
						"{{base_url}}"
					],
					"path": [
						"pet",
						"{{petId - Cachorro}}"
					]
				}
			},
			"response": []
		},
		{
			"name": "TC009 - Excluir pet inexistente",
			"request": {
				"method": "DELETE",
				"header": [],
				"url": {
					"raw": "{{base_url}}/pet/123123123",
					"host": [
						"{{base_url}}"
					],
					"path": [
						"pet",
						"123123123"
					]
				}
			},
			"response": []
		}
	],
	"event": [
		{
			"listen": "prerequest",
			"script": {
				"type": "text/javascript",
				"packages": {},
				"exec": [
					""
				]
			}
		},
		{
			"listen": "test",
			"script": {
				"type": "text/javascript",
				"packages": {},
				"exec": [
					""
				]
			}
		}
	],
	"variable": [
		{
			"key": "base_url",
			"value": "https://petstore3.swagger.io/api/v3",
			"type": "string"
		},
		{
			"key": "petId - Cachorro",
			"value": "1111",
			"type": "default"
		},
		{
			"key": "petId - Gato",
			"value": "2222",
			"type": "string"
		}
	]
}